window,n_events,avg_change,pct_gainers
1,2184,-0.002319340174507509,0.4523809523809524
3,7842,0.005734403213158807,0.5726855394032134
5,11960,0.006367560467437758,0.5612876254180602
